{
  "MENU_HEADER_TITLE": "Rsystems",
  "LOGIN_SUCCESSFUL_MESSAGE": "{0} is successfully logged in.",
  "NON_AUTHORIZATION_MESSAGE": "You are not authorised for the requested page, Please contact the administrator.",
  "VERSION_DETAIL_TITLE": "On-Prem ACME Main Server - Active Library",
  "WIZARD_ICON_TEXT": "Lift & Shift - Verify Destination",
  "DESTINATION_DROPDOWN_TITLE": "Cloud Destination: ",
  "ADD_SOURCE_LIBRARY_TITLE": "Add a Source Library",
  "SELECT_SOURCE_LIBRARY_TITLE": "Select a Source Library",
  "SQL_DATABASE_CONNECTION_TITLE": "SQL Database Connection:",
  "SQL_DATABASE_CONNECTION": "Active SQL Connection",
  "SERVER_BACKUP_DATE_TITLE": "Source Backup Date:",
  "SERVER_BACKUP_DATE": "Not Set",
  "TRANSFER_TASK_STATUS": "Transfer task has not run for 10 Days.",
  "SQL_DATABASE_TYPE": "SQL Database",
  "LIFT_AND_SHIFT_TASK_TYPE": "LiftShiftScheduledTask",
  "FAILED_ITEMS_BOARD_TITLE": "Failed Items",
  "SOURCE_TRANSFER_STATUS_TITLE": "Source Transfer Status",
  "CHART_TYPE_BAR": "bar",
  "CHART_TYPE_HORIZONTAL_BAR": "horizontalBar",
  "SOURCE_CHART_X_AXIS_LABEL": "Percent Transferred",
  "USER_GROUP_COLOR_CODE": "#B7B7B7",
  "METADATA_COLOR_CODE": "#1A98C6",
  "CONTAINERS_COLOR_CODE": "#027",
  "DOCUMENTS_COLOR_CODE": "#FF9933",
  "OTHER_COLOR_CODE": "#525252",
  "USER_GROUP_CATEGORY": "Users & Groups",
  "METADATA_CATEGORY": "Metadata",
  "CONTAINERS_CATEGORY": "Containers",
  "DOCUMENTS_CATEGORY": "Documents",
  "OTHER_CATEGORY": "Other",
  "USER_GROUP_ORDER": 1,
  "CONTAINERS_ORDER": 2,
  "METADATA_ORDER": 3,
  "DOCUMENTS_ORDER": 4,
  "OTHER_ORDER": 5,
  "ADD_BUTTON_TEXT": "Add",
  "REQUEST_METHOD_POST": "POST",
  "SIGN_IN_TITLE": "Sign In to start your session",
  "LOGIN_PAGE_BODY_TEXT": "Rsystems is a Web-based, enterprise administration solution",
  "CONTACT_US_TEXT": "Contact Us",
  "ABOUT_US_TEXT": "About Us",
  "FAQ_TEXT": "FAQ",
  "COPYRIGHT_TEXT": "2020 Rsystems INC. – ALL RIGHTS RESERVED",
  "LOGIN_VALIDATION_MESSAGE": "Invalid Credentials",
  "LOGIN_TITLE": "Login",
  "LOGIN_BUTTON_TEXT": "Sign In",
  "LOGOUT_BUTTON_TEXT": "Sign Out",
  "USER_NOT_FOUND": "User not found...",
  "DEFAULT_PUBLISH_OPTION": "Any",
  "PUBLISH_DROPDOWN_TITLE": "Published Status",
  "DEFAULT_NEW_OPTION": "new"
 
}
